Nr.;Schritt;Materialnummer;Volumen[mm^3];Arbeitsplatz;Qualifikation;Kosten[($)];Dauer[min]
0;initWorkingstep;null;1999999.9999999998;null;1;0.0;0.0
1;fräsen;00000008;1875572.5487313052;CNC_M_8_07;2;11.857436726983824;19.900216440799852
2;bohren;00000008;1874705.4691589146;DrillPress_17_04;2;5.69849704573373;11.376687311952873
3;schweißen;00000008;1880705.132194744;Welding_20_01;2;4.383030919698344;5.680678408277789
4;schleifen;00000008;1880705.132194744;GrindingStation_25_04;1;8.751009071718954;15.000603252220392
