Nr.;Schritt;Materialnummer;Volumen[mm^3];Arbeitsplatz;Qualifikation;Kosten[($)];Dauer[min]
0;initWorkingstep;null;2.25E7;null;1;0.0;0.0
1;fräsen;00000006;1.7356085216657307E7;CNC_M_7_06;2;26.93105900608874;32.524845503895044
2;bohren;00000006;1.733582194404166E7;DrillPress_15_02;2;8.903983551561705;17.751426955648576
3;schweißen;00000006;1.7798283675284866E7;Welding_19_01;2;23.412207737185298;30.01312659912398
4;schleifen;00000006;1.7798283675284866E7;GrindingStation_23_02;1;11.84062992339059;20.271651343668207
