Nr.;Schritt;Materialnummer;Volumen[mm^3];Arbeitsplatz;Qualifikation;Kosten[($)];Dauer[min]
0;initWorkingstep;null;9000000.0;null;1;0.0;0.0
1;fräsen;00000010;7126653.82342104;CNC_M_8_07;2;10.349520682562696;17.261977930416492
2;bohren;00000010;7109057.371140584;DrillPress_17_04;2;5.755833436978449;11.481249987439853
3;schweißen;00000010;7133655.257413207;Welding_21_01;2;12.828393722612839;16.6971975511966
4;schleifen;00000010;7133655.257413207;GrindingStation_25_04;1;5.84957397742945;10.009709126147877
