Nr.;Schritt;Materialnummer;Volumen[mm^3];Arbeitsplatz;Qualifikation;Kosten[($)];Dauer[min]
0;initWorkingstep;null;1.5624999999999998E7;null;1;0.0;0.0
1;fräsen;00000002;1.033911297243183E7;CNC_M_9_08;2;16.000714817567808;23.00637899671912
2;bohren;00000002;1.0295916073444968E7;DrillPress_17_04;2;5.776409841781679;11.51877456635773
3;schweißen;00000002;1.0659159490669845E7;Welding_21_01;2;12.168791795577224;15.020206231803467
4;schleifen;00000002;1.0659159490669845E7;GrindingStation_25_04;1;8.849034666822126;15.059205784419525
