Nr.;Schritt;Materialnummer;Volumen[mm^3];Arbeitsplatz;Qualifikation;Kosten[($)];Dauer[min]
0;initWorkingstep;null;1500000.0;null;1;0.0;0.0
1;fräsen;00000009;904631.9999999999;CNC_M_7_06;2;10.102469758765332;14.63875001139575
2;bohren;00000009;895835.540569949;DrillPress_15_02;2;7.255115655415547;14.479940990500857
3;schweißen;00000009;907810.2206655431;Welding_18_01;2;4.529114978090268;5.837758040957278
4;schleifen;00000009;907810.2206655431;GrindingStation_23_02;1;8.763361513643735;15.020864596370037
