Nr.;Schritt;Materialnummer;Volumen[mm^3];Arbeitsplatz;Qualifikation;Kosten[($)];Dauer[min]
0;initWorkingstep;null;3000000.0;null;1;0.0;0.0
1;fräsen;00000007;1473508.0089720027;CNC_M_7_06;2;15.255967084506658;20.998798180918293
2;bohren;00000007;1463454.912480514;DrillPress_15_02;2;4.312538180447816;8.584660745620516
3;schweißen;00000007;1612600.1303009216;Welding_18_01;2;10.371340583919254;13.087462993461564
4;schleifen;00000007;1612600.1303009216;GrindingStation_22_01;1;5.8432824963350765;10.031357345175426
