Nr.;Schritt;Materialnummer;Volumen[mm^3];Arbeitsplatz;Qualifikation;Kosten[($)];Dauer[min]
0;initWorkingstep;null;1999999.9999999998;null;1;0.0;0.0
1;fräsen;00000005;984623.7172367135;CNC_M_9_08;2;10.24316848783192;16.049993132195816
2;bohren;00000005;969544.0724994822;DrillPress_16_03;2;5.726690607166855;11.434562429949004
3;schweißen;00000005;979201.1428629926;Welding_20_01;2;4.480420291959627;5.785398163397448
4;schleifen;00000005;979201.1428629926;GrindingStation_24_03;1;8.779141615173165;15.027464380701703
