Nr.;Schritt;Materialnummer;Volumen[mm^3];Arbeitsplatz;Qualifikation;Kosten[($)];Dauer[min]
0;initWorkingstep;null;3000000.0;null;1;0.0;0.0
1;fräsen;00000004;2394790.0000000005;CNC_M_7_06;2;12.009692605868311;17.79396574658086
2;bohren;00000004;2390401.1950629344;DrillPress_14_01;2;7.243058368451131;14.465149325090204
3;schweißen;00000004;2412804.3742688647;Welding_19_01;2;8.892530919698345;11.497345074944455
4;schleifen;00000004;2412804.3742688647;GrindingStation_23_02;1;8.754012229492103;15.006265274364027
